Quiz Title,Subject Name,Question Type,Question,Option 1,Option 2,Option 3,Option 4,Correct Option
Quiz 2,OOP 009B,MCQ,Which language is primarily used for PyQt development?,Java,Python,C++,JavaScript,Python
Quiz 2,OOP 009B,MCQ,What layout class arranges widgets horizontally in PyQt6?,QVBoxLayout,QGridLayout,QHBoxLayout,QFormLayout,QHBoxLayout
Quiz 2,OOP 009B,MCQ,Which company originally created Qt?,Nokia,Trolltech,The Qt Company,Microsoft,Trolltech
Quiz 2,OOP 009B,MCQ,Which method is used to show a window in PyQt6?,window.display(),window.show(),window.open(),window.render(),window.show()
Quiz 2,OOP 009B,MCQ,Which widget is best suited for single-line text input?,QLineEdit,QTextEdit,QLabel,QPlainTextEdit,QLineEdit
Quiz 2,OOP 009B,T&F,Is Python dynamically typed?,True,False,,,True
Quiz 2,OOP 009B,T&F,Does HTML stand for HyperText Markup Language?,True,False,,,True
Quiz 2,OOP 009B,T&F,Is QVBoxLayout used to arrange widgets in a vertical column?,True,False,,,True
Quiz 2,OOP 009B,T&F,Can a QButtonGroup hold multiple selected buttons if non-exclusive?,True,False,,,True
Quiz 2,OOP 009B,T&F,Is PyQt6 completely backward compatible with PyQt5 code without any changes?,True,False,,,False